product_id;url;url2
3930;/upload/images/3930/177ec771a3465adf238d.jpg;
3930;/upload/images/3930/457c0a91c2dd64940e3f.jpg;
2710;/upload/images/2710/b7a7507ea4bbbc34d036.png;
2715;/upload/images/2715/5146cf87df51c0a4cd08.png;
2929;/upload/images/2929/f72a48c5f92f8451cf77.png;
2930;/upload/images/2930/7f6a7504f175f07b6f03.png;
2710;/upload/images/2710/483ae7824c592156595b.png;
2715;/upload/images/2715/77dd92dee51816b4556d.png;
2929;/upload/images/2929/28c2687f3d1da9cb32d0.png;
2930;/upload/images/2930/4e3145970a0f4e183809.png;
2903;/upload/images/2903/47b0bfa929d98a08cd48.png;
2904;/upload/images/2904/9d5026e7b4e5d2307ac6.png;
2905;/upload/images/2905/1a95bddd2eae2bf51c76.png;
2908;/upload/images/2908/1b01f4e266294350ef00.png;
2922;/upload/images/2922/cd5f42b8fc252c0b32d1.png;
2922;/upload/images/2922/345f79c07120e01205e7.png;
2928;/upload/images/2928/7f79eecc8230d0f230ef.png;
2928;/upload/images/2928/d700ea988e527e064f71.png;
3701;/upload/images/3701/fc6c69329c88fe48f85f.png;
3701;/upload/images/3701/933a360349b6496393c7.png;
3702;/upload/images/3702/6d5aac05a4c98a8c10e3.png;
3702;/upload/images/3702/0070a06de218fb7d129c.png;
3705;/upload/images/3705/cfd402bc7b0c95d8f610.png;
3707;/upload/images/3707/fb77cc9bc5d28bef562a.png;
3707;/upload/images/3707/5bbddd93fdd5d3465f3a.png;
3708;/upload/images/3708/a286273e37617d7e979a.png;
3708;/upload/images/3708/f8675d350bbcd2704fb4.png;
3709;/upload/images/3709/70c5cf8a8a3430c2b49a.png;
3709;/upload/images/3709/699c81454ef1fb9bbd5f.png;
3710;/upload/images/3710/9458bd62aca4e16f5589.png;
3710;/upload/images/3710/d754de243d5e38534ee0.png;
3711;/upload/images/3711/504e6700c7895131ca00.png;
3711;/upload/images/3711/c793243e5d85e3ef7201.png;
3712;/upload/images/3712/693c154b1ba65951a6e7.png;
3712;/upload/images/3712/b48ca390b0c358abd1df.png;
3713;/upload/images/3713/5b30371d1fe8ec0a632b.png;
3714;/upload/images/3714/25310d004a7dfcc01bea.png;
3714;/upload/images/3714/e5babb446357a30c5f56.png;
3715;/upload/images/3715/db4c60bc04a9e7dbde16.png;
3715;/upload/images/3715/ab3296bcf1451d04a720.png;
3716;/upload/images/3716/bb0515e6fd878c69c48d.png;
3716;/upload/images/3716/9d930d0927ef1b146ab2.png;
3717;/upload/images/3717/f5f0f0d58b19cc7873fa.png;
3717;/upload/images/3717/36718a364b0500e5abaa.png;
3718;/upload/images/3718/6676c2887601d470d87e.png;
3718;/upload/images/3718/d550d560d06ae2da7bbc.png;
3719;/upload/images/3719/339f39b636eb5804c66a.png;
3719;/upload/images/3719/fd959c2e03450b8a9753.png;
3720;/upload/images/3720/5fb02f19f2e8b58d5728.png;
3720;/upload/images/3720/3c087261215a7da1ad56.png;
3721;/upload/images/3721/d2bc8793d2b4e63a01d5.png;
3721;/upload/images/3721/7b89762b4e8b7dd8fd94.png;
3722;/upload/images/3722/0b1ed23759395ae9fa59.png;
3722;/upload/images/3722/12b21a54041ae518f500.png;
3723;/upload/images/3723/ab97007b0d7faa5875da.png;
3723;/upload/images/3723/0fa081681e53af2e93b4.png;
3724;/upload/images/3724/6aa1a0230a7a1a51cdba.png;
3724;/upload/images/3724/320a49a8dde69137391b.png;
3725;/upload/images/3725/3ebcd1928ca601e06e42.png;
3725;/upload/images/3725/c11f87f5eaf7f9b1b08e.png;
3726;/upload/images/3726/a4e877b278d85f053214.png;
3726;/upload/images/3726/da26ef67538d5be7c2dd.png;
3727;/upload/images/3727/637babc60d69df4f0d78.png;
3727;/upload/images/3727/8091efdded8c89628f28.png;
3728;/upload/images/3728/c2952cbbc378f67317f1.png;
3728;/upload/images/3728/055f7db9518fb13e1122.png;
3729;/upload/images/3729/4881705493b316a1df9f.png;
3729;/upload/images/3729/b90d776fad149d16a5d1.png;
3730;/upload/images/3730/32a79f4e6043850f35c8.png;
3730;/upload/images/3730/257467d15779dd1e8a4f.png;
3731;/upload/images/3731/be594958eb0177bd375e.png;
3731;/upload/images/3731/8f8ed39e6e7994f41415.png;
3732;/upload/images/3732/eb190c8904d426fd162f.png;
3732;/upload/images/3732/e5b13c920fc12f56f6db.png;
3733;/upload/images/3733/635ced7d52030d6ce8c2.png;
3733;/upload/images/3733/3ec6b9c2410b7aa4762c.png;
3734;/upload/images/3734/327d5eaf3d8a2624714e.png;
3734;/upload/images/3734/18ea82881753decf6b7a.png;
3735;/upload/images/3735/82c73b796558b9137b1e.png;
3735;/upload/images/3735/5b9072e2ff94c9d9b607.png;
3737;/upload/images/3737/7afe04379447c3720916.png;
3737;/upload/images/3737/4007c422f92bc1cccf50.png;
3738;/upload/images/3738/65d0ff01c9fd73e7f856.png;
3738;/upload/images/3738/d5a3b1776b015c9926cb.png;
3739;/upload/images/3739/0a129d4f8b0bd98b0ffb.png;
3739;/upload/images/3739/7007f2c9f0676a359cd1.png;
3740;/upload/images/3740/09e0aa188671351c6e08.png;
3740;/upload/images/3740/4d29c00046c27c635bf1.png;
3901;/upload/images/3901/2e6cb0700e14b2d1d933.png;
3901;/upload/images/3901/ed18ccbfbab2fda7a205.png;
3902;/upload/images/3902/e74bea1ec10e5cdf5e83.png;
3902;/upload/images/3902/e5b471864768796f4dd4.png;
3903;/upload/images/3903/e6dddf86c644c59132f8.png;
3903;/upload/images/3903/37de483f3ede55cf36f1.png;
3904;/upload/images/3904/8379888c78dca6d5261a.png;
3904;/upload/images/3904/ac6490b193469db1b5f1.png;
3905;/upload/images/3905/5943fc37f1ef8a3c6556.png;
3905;/upload/images/3905/e901175265343b3f825c.png;
3906;/upload/images/3906/45faef248d2b3f79512f.png;
3906;/upload/images/3906/ed314598b76d9650384f.png;
3907;/upload/images/3907/8043ac7cdf0be6594a8b.png;
3907;/upload/images/3907/84b768ca09d65165d15e.png;
3908;/upload/images/3908/841be8d3cf4939d64e3f.png;
3908;/upload/images/3908/7a0c095639aeaef3789d.png;
3909;/upload/images/3909/5c6521088149230907e5.png;
3909;/upload/images/3909/2016a6899d0f251c8176.png;
3910;/upload/images/3910/78fbb63967b7d1840138.png;
3910;/upload/images/3910/c60bedf4119632db5df2.png;
3911;/upload/images/3911/7c5b0c68ac57dcf14165.png;
3911;/upload/images/3911/299aa4c01e3d7dc7ca91.png;
3912;/upload/images/3912/f6f5b26338a330b3158b.png;
3912;/upload/images/3912/288b06336116b70fb3fa.png;
3915;/upload/images/3915/f5055c5209bc1e05d32f.png;
4702;/upload/images/4702/1299f376292002c8f4a8.png;
4702;/upload/images/4702/ffc099f9eb0769b50170.png;
4701;/upload/images/4701/7a657adac3ba813b1c34.png;
4701;/upload/images/4701/dc19e59e9e559d5bd0fa.png;
2701;/upload/images/2701/9baa35bf53edde2e0c30.png;
2702;/upload/images/2702/dcafa54238bc24dc79d3.png;
2702;/upload/images/2702/9423a7aa4342c8470a00.png;
2704;/upload/images/2704/7e00a70aa78529c0f4fc.png;
2704;/upload/images/2704/35f474dbc1cba93dea63.png;
2706;/upload/images/2706/61b14cb84b294731a2be.png;
2706;/upload/images/2706/b8801d80af53191809ca.png;
2707;/upload/images/2707/346c8231397ebe8180c5.png;
2707;/upload/images/2707/ee8e37789f8d9c65631f.png;
2708;/upload/images/2708/795631ead44d3f811faf.png;
2708;/upload/images/2708/ca059f7c3c2ece9006f4.png;
2709;/upload/images/2709/dd7abae707285c2fe18b.png;
2709;/upload/images/2709/0654cd68250cc9f0be4a.png;
2711;/upload/images/2711/6fb1e3ce6a494b0eb377.png;
2711;/upload/images/2711/3f539ea6dfc8bb857ccd.png;
2717;/upload/images/2717/ca1be0b6e4406775f86b.png;
2717;/upload/images/2717/c91eb316dbfd1da1830f.png;
2718;/upload/images/2718/1553b5104cf0b8c29d82.png;
2718;/upload/images/2718/7dbcb4c765885d7e163b.png;
2719;/upload/images/2719/ca2d9ccf1494bcc50887.png;
2719;/upload/images/2719/c16149cb607b81604796.png;
2720;/upload/images/2720/885e3ea950c08b2243c4.png;
2720;/upload/images/2720/402fd127f8bab71ef53e.png;
2721;/upload/images/2721/00702470767ac52ff852.png;
2721;/upload/images/2721/c55b959e8a41c1e91e21.png;
2723;/upload/images/2723/813a6aedc03c54e33fb5.png;
2723;/upload/images/2723/7399afada136c78b47e2.png;
2923;/upload/images/2923/ff9e0e59a7e1eeb590bb.png;
2923;/upload/images/2923/4a227e8c657686137c0d.png;
5521;/upload/images/5521/4301c952daba321192e6.png;
5522;/upload/images/5522/57e48321f91caf7af25d.png;
5523;/upload/images/5523/61c6615dd13172a24414.png;
5524;/upload/images/5524/c454a4d0038d3835c3a9.png;
5525;/upload/images/5525/782eff303c13c75336ff.png;
6501;/upload/images/6501/4ed4b4ccb879d6a5ea74.png;
6502;/upload/images/6502/3c7f385e6efeb24db075.png;
6503;/upload/images/6503/91affad699f2a9b39f51.png;
6504;/upload/images/6504/241b378bab168de1559a.png;
6505;/upload/images/6505/e28d52c77c1c07dff443.png;
6506;/upload/images/6506/a95b9883ecb698d030e2.png;
6507;/upload/images/6507/36600403ae2c557c9964.png;
6508;/upload/images/6508/1635ee94d2c7e8fe3a24.png;
6509;/upload/images/6509/47805b9a7818303f4650.png;
6510;/upload/images/6510/7651b0f8d3e58efe7f59.png;
6511;/upload/images/6511/3b3391dc91576823f8a2.png;
6512;/upload/images/6512/170f99db5efaa6938f1f.png;
6513;/upload/images/6513/c09c9e05b122ace7d219.png;
6514;/upload/images/6514/c7616ccc759be90c6a1b.png;
6518;/upload/images/6518/bf8949af16eeb18d966d.png;
7515;/upload/images/7515/1755aba83e5121345537.png;
7516;/upload/images/7516/493d89fe3acdff93a7ae.png;
7519;/upload/images/7519/b0e6ec9c08e587a38988.png;
7522;/upload/images/7522/5add14f952b4aa7d5842.png;
7523;/upload/images/7523/827c3d5b91c9cd904f57.png;
7524;/upload/images/7524/a57effb2eb6aed2cea46.png;
2726;/upload/images/2726/5e17f89269af684b8205.png;
2727;/upload/images/2727/126193ad8cb47d9bb0b7.png;
2729;/upload/images/2729/cc171cf9065b31e9bf21.png;
2732;/upload/images/2732/69edbaabd0bd9becb584.png;
2733;/upload/images/2733/5dff828791b594751391.png;
2734;/upload/images/2734/785bf4471c8dbcd5a2c4.png;
3736;/upload/images/3736/b63324e190204e923313.png;
2705;/upload/images/2705/692502348e6cac45fd16.png;
2705;/upload/images/2705/0f6597d350e9d9783419.png;
2736;/upload/images/2736/0716178121a3f9b66519.png;
2737;/upload/images/2737/b2da82e34e411b2d43da.png;
2738;/upload/images/2738/b0f03977fe4ae602972b.png;
2739;/upload/images/2739/06c212d27ab59a61c9af.png;
4717;/upload/images/4717/ff84eb86a13615a8cc2e.png;
2713;/upload/images/2713/676a9c5bfdea48ce5c65.png;
2713;/upload/images/2713/3c29f9692cb7600c8013.png;
5000;/upload/images/5000/2415afe914da894747dc.png;
5000;/upload/images/5000/7ed2d5e05f2dfe1e33f1.png;
5521;/upload/images/5521/9da4dd181294189946cf.png;
5522;/upload/images/5522/ad33c114d7a8a8c607d7.png;
5523;/upload/images/5523/0832c936190bb55efd6c.png;
5524;/upload/images/5524/835c7bf3e8b88d8e07d5.png;
5525;/upload/images/5525/3e075fdb2baf0947b3ad.png;
6501;/upload/images/6501/c3db04d099866f9865e1.png;
6502;/upload/images/6502/2dd658d2e0fea1b4869e.png;
6503;/upload/images/6503/84bba4209b0e25d10089.png;
6504;/upload/images/6504/7a8b0159788fc73881db.png;
6505;/upload/images/6505/1de34248227bcf2f26e7.png;
6506;/upload/images/6506/2a487e17e408a34e579d.png;
6507;/upload/images/6507/b699e50a79a173cd84d2.png;
6508;/upload/images/6508/56e04afe9ccd6c9b9b3d.png;
6509;/upload/images/6509/0bdb59fed72b6039e3ef.png;
6510;/upload/images/6510/e6c6f27c1409dea8c519.png;
6511;/upload/images/6511/b08faf81793645bff494.png;
6512;/upload/images/6512/66138917683280a89b86.png;
6513;/upload/images/6513/5093a7127c47a114217f.png;
6514;/upload/images/6514/cd614b7f01995ab56b1d.png;
6518;/upload/images/6518/4676d8526f741bbb30b0.png;
7515;/upload/images/7515/330b916170b6475c3caa.png;
7516;/upload/images/7516/618418714c5fefcd8726.png;
7519;/upload/images/7519/8c9216d540e0f837ff97.png;
7522;/upload/images/7522/070a8e8323ea685bc226.png;
7523;/upload/images/7523/7bd24ddd0a205b84a351.png;
7524;/upload/images/7524/3d297a056b95abf2fb54.png;
2725;/upload/images/2725/c0d853ea920b998bd1e8.png;
2728;/upload/images/2728/8f805554d81a86cfe4c4.png;
1726;/upload/images/1726/87e704955e1aba65b388.png;
1727;/upload/images/1727/a6718da05f52ac1041e0.png;
1728;/upload/images/1728/5539a415def3f905d8c2.png;
1729;/upload/images/1729/85f3a0fe6f485ffe7033.png;
1924;/upload/images/1924/f7e485271d5539e90ee6.png;
1925;/upload/images/1925/88a33140221eef497e82.png;
1930;/upload/images/1930/fc041b70e61316d8a047.png;
1908_T;/upload/images/1908_T/84d27e3ac95d660a61c6.png;
1924_T;/upload/images/1924_T/b591656bd76919cb0ff9.png;
1925_T;/upload/images/1925_T/86fe259823ef3dffabd5.png;
1930_T;/upload/images/1930_T/d8112dfae2ef5068548a.png;
2702_T;/upload/images/2702_T/f8d6f062c9574ad589ba.png;
2721_T;/upload/images/2721_T/84763df13692e1cf2108.png;
2727_T;/upload/images/2727_T/876f303c9eb24c5d40fe.png;
2729_T;/upload/images/2729_T/26a8cf771bad1fe9224f.png;
2730_T;/upload/images/2730_T/91dbace0f221befa23df.png;
2733_T;/upload/images/2733_T/9db30bac931282190c49.png;
2734_T;/upload/images/2734_T/8daa20c597e74472a8a1.png;
2736_T;/upload/images/2736_T/6d8ccb8fd89f223af442.png;
2737_T;/upload/images/2737_T/15100923c9e2c73b57dc.png;
2740_T;/upload/images/2740_T/1af9bd07f02567ff4727.png;
2742_T;/upload/images/2742_T/5e87afe9577b862a7ea9.png;
2743_T;/upload/images/2743_T/de8dd2cae1910fd3980b.png;
3713_T;/upload/images/3713_T/f7d0c008914507216bc7.png;
3736_T;/upload/images/3736_T/e4846d66d23c0a628749.png;
1701;/upload/images/1701/ca99b1b2248f03109c74.jpg;
1701;/upload/images/1701/e80ea034cce28a699277.jpg;
1703;/upload/images/1703/cc305af5d584589e4166.jpg;
1703;/upload/images/1703/b7fab231f7cad41d8550.jpg;
1703_T;/upload/images/1703_T/061ed503b4af3ca87e22.jpg;
1703_T;/upload/images/1703_T/d6a53ae68a5e9416b74a.jpg;
1704;/upload/images/1704/390dfc540a35f9904b68.jpg;
1704;/upload/images/1704/ba26a9a73cdfd0da81d3.jpg;
1705;/upload/images/1705/a5f77574b5394a465a5f.jpg;
1705;/upload/images/1705/1a9662075b5bf7131979.jpg;
1707;/upload/images/1707/50af676b64b6710b23df.jpg;
1707;/upload/images/1707/cc4ea4c94724dd1824f8.jpg;
1707_T;/upload/images/1707_T/d2be78097226fae5a06a.jpg;
1707_T;/upload/images/1707_T/9edba841b190d7359ebb.jpg;
1708;/upload/images/1708/98ff9b26bd3659fd79c2.jpg;
1708;/upload/images/1708/f501b67dbf20ae3b9ed7.jpg;
1709;/upload/images/1709/f3dfd3d1fe243bd8342c.jpg;
1709;/upload/images/1709/fa3a41bb454a19876b22.jpg;
1715;/upload/images/1715/6b912f7afdc3fb3434c3.jpg;
1715;/upload/images/1715/a3c24db3c3e71155c7f1.jpg;
1718;/upload/images/1718/9528d627c121d578493c.jpg;
1720;/upload/images/1720/6cea7c4b1f2230195a17.jpg;
1721;/upload/images/1721/f02f216584c1bf4b5232.jpg;
1721;/upload/images/1721/6dbf89e7ebd9b5da52b1.jpg;
1721_T;/upload/images/1721_T/c5b3b10e4b55bc57ba26.jpg;
1721_T;/upload/images/1721_T/f02717028acdb4fbca0c.jpg;
1722;/upload/images/1722/0699e8dc69a586f90bf8.jpg;
1723;/upload/images/1723/a04c36f1ed22c8e643f5.jpg;
1723;/upload/images/1723/ab8e8d334e4d1f6db378.jpg;
1724;/upload/images/1724/a4a4fd58369b34585115.jpg;
1724;/upload/images/1724/358f49739dd92169b24e.jpg;
1725;/upload/images/1725/19c59c7ac8c8b200dd73.jpg;
1725;/upload/images/1725/752a584ee7c3c6587796.jpg;
1732;/upload/images/1732/e3621e27c7341ed1a106.jpg;
1732;/upload/images/1732/8f0e23fab69c6be07b00.jpg;
1732_T;/upload/images/1732_T/a3f4c75136fc4e956b66.jpg;
1732_T;/upload/images/1732_T/ca4d733d6874ebcfbdb1.jpg;
1901;/upload/images/1901/0d3b03684a3f0376838f.jpg;
1901_T;/upload/images/1901_T/35f44111a3448db8d00b.jpg;
1901_T;/upload/images/1901_T/d088e15438be937f6073.jpg;
1902_T;/upload/images/1902_T/ea5ce8ae20e15f94b2a1.jpg;
1903;/upload/images/1903/a41f7455141d0beba418.jpg;
1903;/upload/images/1903/acef35185ca9a331cdf0.jpg;
1904;/upload/images/1904/d078c1f8882de1e2bfaf.jpg;
1904;/upload/images/1904/6d9781222dd7f30661e9.jpg;
1906;/upload/images/1906/a9c82f0e4c36235dc1e8.jpg;
1906;/upload/images/1906/e3a910569eb6eb00af53.jpg;
1907;/upload/images/1907/308b002d605b92aa8426.jpg;
1907;/upload/images/1907/780d4f97efb595f703fd.jpg;
1908;/upload/images/1908/02ad9cfcf262b41762c2.jpg;
1908;/upload/images/1908/b457e3e6813c9e2eeb6a.jpg;
1911;/upload/images/1911/cb67f84624a31b196c62.jpg;
1911;/upload/images/1911/ab9740ec6afe696059c8.jpg;
1912;/upload/images/1912/add75e576399a570e99e.jpg;
1912_T;/upload/images/1912_T/e2f60c554b37245186eb.jpg;
1913;/upload/images/1913/514d5e30bc7bdf11a9e3.jpg;
1913;/upload/images/1913/f9e2fcd2758851f7b8b6.jpg;
1913_T;/upload/images/1913_T/2c8b02c4c57b036b2b24.jpg;
1913_T;/upload/images/1913_T/8990f60649fba8285d74.jpg;
1914;/upload/images/1914/b7db6036255901641500.jpg;
1914;/upload/images/1914/1811a033562e305d460f.jpg;
1914_T;/upload/images/1914_T/4bea8371feb4550d6f2d.jpg;
1914_T;/upload/images/1914_T/00d7d6bb376fa84e22a1.jpg;
1915;/upload/images/1915/3a62e8d5ec3d5378fa35.jpg;
1915;/upload/images/1915/14de3e799fd0eca2293e.jpg;
1915_T;/upload/images/1915_T/2fa096a7663c1046f70f.jpg;
1915_T;/upload/images/1915_T/eb8b1c256683c7cc9bc7.jpg;
1916;/upload/images/1916/f319c59e83e987bf5d93.jpg;
1916;/upload/images/1916/b8d77008b9161066b7bf.jpg;
1921;/upload/images/1921/c9cb019470e00addf70d.jpg;
1921_T;/upload/images/1921_T/e5bd9f9d9c02e767adb3.jpg;
1923;/upload/images/1923/5a8410b0e706bd65c609.jpg;
1923_T;/upload/images/1923_T/24cdb1e98dc5b9589a32.jpg;
1928;/upload/images/1928/c6ddaa18f7e3b45e6601.jpg;
1928_T;/upload/images/1928_T/a97e6737f18f9fa08d0b.jpg;
1926;/upload/images/1926/d4ba1146d3cc20d9143e.jpg;
1926_T;/upload/images/1926_T/e622d5b5a240c15bf7ff.jpg;
2729;/upload/images/2729/76720b2801f518477d14.jpeg;
2729_T;/upload/images/2729_T/83c1ff60f5a647885729.jpeg;
2727;/upload/images/2727/e11bdb148d198b9c19a8.jpeg;
2727_T;/upload/images/2727_T/8ce474b04b82e24159db.jpeg;
2730_T;/upload/images/2730_T/63ecf5658a0d96d3ecd0.jpg;
2733;/upload/images/2733/dee8fe3cd98d6ab1b935.jpg;
2733_T;/upload/images/2733_T/ed7e0af3b0b110c87287.jpg;
2734;/upload/images/2734/7cae3aa5890c0a1b8bc6.jpg;
2734_T;/upload/images/2734_T/0b525c68d821e324f5a6.jpg;
2736;/upload/images/2736/d87d7cf0609ba2bf3fe6.jpg;
2736_T;/upload/images/2736_T/1c438db036b32626c6a5.jpg;
2740_T;/upload/images/2740_T/1a9418d881ce9a61ea1a.jpg;
2742_T;/upload/images/2742_T/35935c120f61efad2e82.jpg;
2743_T;/upload/images/2743_T/32403bef8d765ab7feb7.jpg;
3713;/upload/images/3713/03cba860364e7a0c245c.jpg;
3713_T;/upload/images/3713_T/d3db2ba8ef6131e45c0e.jpg;
3736_T;/upload/images/3736_T/68b990a488395a4e90c1.jpg;
4708;/upload/images/4708/32e88f0e2b88bc0c2442.jpg;
4708_T;/upload/images/4708_T/f3795d75130dbfa5149e.jpg;
4708;/upload/images/4708/e43447ac6e715fda592a.jpg;
4708_T;/upload/images/4708_T/bf5ac6db6464e2d89493.jpg;
1908_T;/upload/images/1908_T/27f2c970cabe206ff3db.jpg;
1912;/upload/images/1912/68722e0c65c3df8cb348.jpg;
1912_T;/upload/images/1912_T/c0c73030709389362777.jpg;
1921;/upload/images/1921/d8a60ce66d5b0d04b70c.png;
1921_T;/upload/images/1921_T/c25f896cefe91a2ea2ae.png;
1923;/upload/images/1923/b40c99942450500a7000.jpg;
1923_T;/upload/images/1923_T/e1b7b61b740ee8ed9ef6.jpg;
2730;/upload/images/2730/1b05bff7889bcb5e07ce.png;
2730;/upload/images/2730/4884364b0ff0ee7e35e3.jpg;
2740;/upload/images/2740/7f1fe47f252d9c504ca3.png;
2740;/upload/images/2740/0aefd11dd81638341c57.jpg;
2742;/upload/images/2742/2fcb3268b3ecd72a3015.png;
2742;/upload/images/2742/b37af2f0b6f76a936c31.jpg;
2743;/upload/images/2743/0c53407abde3d6f55c15.png;
2743;/upload/images/2743/e8abdb3038b9ca6d48ff.jpg;
3706;/upload/images/3706/25335e0c66f76c8d6a39.png;
3706;/upload/images/3706/7c650a56d024eaa105bf.png;
1702;/upload/images/1702/1cd5cdd97d5865cfc172.png;
1702;/upload/images/1702/43cdd13276cfe9a2ac23.png;
4902;/upload/images/4902/0d042b54f6144fdda73b.png;
4902;/upload/images/4902/12fa6802aca5e9828ead.png;
4711;/upload/images/4711/bea1654c86f09b5a5100.png;
4710;/upload/images/4710/aceb0aab92a79b080b4f.png;
4709;/upload/images/4709/6199f07ddee7727fe861.png;
4705;/upload/images/4705/0a5cf17214a96b04d1ab.png;
3918;/upload/images/3918/aa19b38b2c9de2124f05.png;
3917;/upload/images/3917/93a56881502918b3f03a.png;
3916;/upload/images/3916/19bf65d4e9be44fa85a4.png;
3704;/upload/images/3704/88cc1c25b14ceb1f6a01.png;
3703;/upload/images/3703/dab3f04d7a04e89ef8e5.png;
3703;/upload/images/3703/cc659739ca04450b839c.png;
2712;/upload/images/2712/ad085c85cf6227d363d6.png;
2703;/upload/images/2703/231ffeb14935c0a35ce5.png;
1714;/upload/images/1714/29594af6d93923f6b218.png;
1710;/upload/images/1710/ad07fee0b8da8d4a2d3e.png;
1706;/upload/images/1706/18cf0ad6cd261618bd5c.png;
1924;/upload/images/1924/f92bcd4c4758a0927c29.jpg;
1924_T;/upload/images/1924_T/1283392669bbbb8b3430.jpg;
1925_T;/upload/images/1925_T/35c7b260756451758346.jpg;
1926;/upload/images/1926/7d914f3d0ae1c0979a5a.jpg;
1926_T;/upload/images/1926_T/18bfe740c88c2d20eaf3.jpg;
1925;/upload/images/1925/959ca6949726fe3c0b04.jpg;
1930;/upload/images/1930/2f789b334e26faa3695e.png;
1930_T;/upload/images/1930_T/f0cc4574847530dbdbcb.png;
4903;/upload/images/4903/43224ace86c48be271df.jpg;
4903;/upload/images/4903/13e41019719ef873405e.jpg;
1902;/upload/images/1902/11c3dba356dcdc057b49.png;
1902_T;/upload/images/1902_T/33be8bad34652b67c010.png;
1905;/upload/images/1905/efe8c7888c37ebd3768c.png;
1905;/upload/images/1905/0d86b1748d9354b6d2c2.png;
1902;/upload/images/1902/453a488c33e611676887.png;
1917;/upload/images/1917/e422f2f9beb247cccbb8.jpg;
1917;/upload/images/1917/38b6d043b74de7ca9a98.jpg;
1918;/upload/images/1918/bbda7bd459b4d962bcce.jpg;
1918;/upload/images/1918/2cd881b4bb5aabaddd60.jpg;
1919;/upload/images/1919/c5bf09059acd1b18eb2c.jpg;
1919;/upload/images/1919/686c446ad264498df81c.jpg;
1920;/upload/images/1920/7cb3e0a9c177dd79ac17.jpg;
1920;/upload/images/1920/1905cebba630459ce37b.jpg;
1927;/upload/images/1927/3339b796a6a4d7ac1da6.jpg;
1927;/upload/images/1927/36bf7e64a8161e209c36.jpg;
1927_T;/upload/images/1927_T/55114c67d1bb64246a91.jpg;
1927_T;/upload/images/1927_T/fa9871c37671d6211d73.jpg;
1929;/upload/images/1929/db920d0df2ab1f517773.jpg;
1929;/upload/images/1929/a10bf1081f5e5bd93626.jpg;
1931;/upload/images/1931/49284d8b7b7294d9d81c.png;
1931;/upload/images/1931/7d2ae5dfdcf7d6bb0d76.jpg;
1931_T;/upload/images/1931_T/af8514d6ee34766a4771.png;
1931_T;/upload/images/1931_T/cf95e47e283645a20658.jpg;
2910;/upload/images/2910/91deb63e4202532bfaa0.png;
1700;/upload/images/1700/9c45c78b70e1b63b15c3.png;
1700;/upload/images/1700/aec662eb9ddf286247f6.jpg;
1700_T;/upload/images/1700_T/52ef313e7869d85f5a29.png;
1700_T;/upload/images/1700_T/28754547465b368c2b45.jpg;
1730;/upload/images/1730/1a1c66a0318a989bcdc2.png;
1730;/upload/images/1730/22f37419e14482883e78.jpg;
1730_T;/upload/images/1730_T/f07be62284860c9d3f47.png;
1730_T;/upload/images/1730_T/d89641bb0ce4d6fa1d95.jpg;
1717;/upload/images/1717/c94ca616c0eff6fcada3.jpg;
1717;/upload/images/1717/8f484b4328aafb6a2f62.jpg;
1717_T;/upload/images/1717_T/3447b4cf328b8e534e8c.jpg;
1717_T;/upload/images/1717_T/1d5ee2ff25b553ac21f9.jpg;
4906;/upload/images/4906/f31763f9ef4480db4478.jpg;
2724;/upload/images/2724/a2751b049f601b9afd6d.png;
2724;/upload/images/2724/c11e378ef346a8cb25a0.png;
4719;/upload/images/4719/917b228cdb86a0ae2fa5.jpg;
2901;/upload/images/2901/e6bdfe8bf5f27becd8f4.png;
2901;/upload/images/2901/61cd3b6d45dcf1460084.png;
2902;/upload/images/2902/0f16b2f44a6341e6c566.png;
2902;/upload/images/2902/6c159bda0fcb372d32cc.jpg;
4907;/upload/images/4907/a1dc3c83905b2d9d3ee6.jpg;
4907;/upload/images/4907/73d05577a022231af5ec.jpg;
4908;/upload/images/4908/ce77afdd631141fb5ef2.jpg;
4908;/upload/images/4908/c031678f913da0c94115.jpg;
4712;/upload/images/4712/8a650c8225bad63c68f3.png;
4712;/upload/images/4712/eeb78bdb022407fea133.jpg;
4713;/upload/images/4713/861043d6104ec6062dcc.png;
4713;/upload/images/4713/a0e6b38c09a84bcdc0e3.png;
4716;/upload/images/4716/d47fb5bafe17941e75e8.png;
4716;/upload/images/4716/ba4d64255c4ae226751a.jpg;
4714;/upload/images/4714/6490ea35a421e2bf8b96.png;
4714;/upload/images/4714/be48ad649d5269925daf.png;
4715;/upload/images/4715/af043ba0b1191d581315.png;
4715;/upload/images/4715/3e09b6096627167151ce.png;
4707;/upload/images/4707/32f624944c8edf6998e1.jpg;
4707;/upload/images/4707/b344fd12b6428351ce1c.png;
4706;/upload/images/4706/07a83c194944d35fb751.png;
4706;/upload/images/4706/bfcc380eb7dba02f2df0.jpg;
4704;/upload/images/4704/236b64cfcbeaea2fef25.png;
4704;/upload/images/4704/3e50d866f491d5e191a1.jpg;
4703;/upload/images/4703/e3526fd90cdec2f38050.png;
4703;/upload/images/4703/7a2f77ea29803c0726fe.jpg;
2731;/upload/images/2731/f83eada4e7449b2a943d.png;
2731;/upload/images/2731/71eefdfde261de53a093.png;
1909;/upload/images/1909/53e079ec659a98f9ad52.jpg;
1909;/upload/images/1909/af41da9e7486267f2578.png;
2735;/upload/images/2735/71c00e1f5d6cf50175e8.png;
2735;/upload/images/2735/d1315ac82fe0c9908f53.png;
1731;/upload/images/1731/ab5eb5b0065683ccfa50.jpg;
1731;/upload/images/1731/53517545ac5789c88f75.png;
1731_T;/upload/images/1731_T/9300748eaa240ec3c3fb.jpg;
1731_T;/upload/images/1731_T/f8f5a26ed13c672b0f40.png;
2714;/upload/images/2714/f8cd3208cf2a11d89496.png;
2714;/upload/images/2714/4a29bca7454ff2f7db6b.png;
1910;/upload/images/1910/06fffc13fd5e7a8be22f.jpg;
1910;/upload/images/1910/b8f8e3562a028f53a57d.png;
1929_T;/upload/images/1929_T/00cb7d4ee3e98fab7211.jpg;
1929_T;/upload/images/1929_T/b8b40d4c697196a3c970.jpg;
4719;/upload/images/4719/50d7a1618cd791031a9c.png;
7518;/upload/images/7518/700df5fff8004e8be53e.png;
7518;/upload/images/7518/d3f845bd83992d5dbdbd.png;
1729_T;/upload/images/1729_T/94769abc13cc9da6bd40.png;
1729_T;/upload/images/1729_T/a7b8de05b2b635233e65.png;
1728_T;/upload/images/1728_T/5c2549960401970b5ba7.png;
1728_T;/upload/images/1728_T/8dda9b377d7d9c21d175.png;
1727_T;/upload/images/1727_T/54fd5939185b834b7252.png;
1727_T;/upload/images/1727_T/4e06c0989b6b9dd424f4.png;
1726_T;/upload/images/1726_T/6306d649b4755fa8912d.png;
1726_T;/upload/images/1726_T/52ccdb8aac0122e6ac32.png;
1718;/upload/images/1718/aa659e3b89ed3940eea4.png;
1719;/upload/images/1719/88b47ed74469e5fc8240.png;
1719;/upload/images/1719/f4f4a95ae3a5bfefe142.png;
1720;/upload/images/1720/1c8fa9aa76d12f5bcf63.png;
1722;/upload/images/1722/ef534fbbb3d1b6bbaffc.png;
1716;/upload/images/1716/1feff9626e175e770aa3.jpg;
1716;/upload/images/1716/5ebb8a7431b7d06f97c7.png;
3705;/upload/images/3705/e8aedb746074c7c0b0da.png;
1901;/upload/images/1901/81ea20898fc0146780f7.png;
2701;/upload/images/2701/baa4cd82157a408458d6.png;
2903;/upload/images/2903/3d11a694d0e7f0192e53.png;
2904;/upload/images/2904/02e6c84ecf452b569d03.png;
2905;/upload/images/2905/7c008bae6b46a719d24f.png;
2906;/upload/images/2906/a9019e0eef970d35528a.png;
2906;/upload/images/2906/936465136060c17e17b0.png;
2907;/upload/images/2907/cfa83786091a4e3af56a.png;
2907;/upload/images/2907/3487ca10e3f9326be564.png;
2908;/upload/images/2908/98807ccf38c79778a795.png;
2909;/upload/images/2909/a3ed7bdf69dd514d17dc.png;
2909;/upload/images/2909/8a0d0f12d1c5a268c8c5.png;
2910;/upload/images/2910/1a883a2c69ae9cf341fd.png;
3914;/upload/images/3914/0aed8e00994225320941.png;
3914;/upload/images/3914/14a5479e17858eb53951.png;
4906;/upload/images/4906/cbab5fea45d5af866dab.png;
4905;/upload/images/4905/414a83476a5191b56407.jpg;
4905;/upload/images/4905/e311937a98c863b72fe9.png;
4904;/upload/images/4904/d46146c13977a7836e47.png;
4904;/upload/images/4904/eb1d10d931fae00c5d6c.png;
4901;/upload/images/4901/c1afc9b3f662840d83d7.png;
4901;/upload/images/4901/a775af94a4c9b3410a20.png;
3934;/upload/images/3934/fa13e6823e33d8994632.png;
3934;/upload/images/3934/f8a01bf045259f8454de.png;
3933;/upload/images/3933/214acde220eb85a2bf0e.png;
3933;/upload/images/3933/6cbf6506b3d5be211667.png;
3932;/upload/images/3932/260562013b3f5cb33e20.png;
3932;/upload/images/3932/fcc85953e4f36ac341dc.png;
3931;/upload/images/3931/0fc6c24e239fa3b12576.png;
3931;/upload/images/3931/eea86d5a321cd2afb6e2.png;
3929;/upload/images/3929/2e7896ef4638e4096d2c.png;
3929;/upload/images/3929/3f8d33e96a51e5e2a65f.png;
3928;/upload/images/3928/f08e03a27915f713a3b0.png;
3928;/upload/images/3928/7770135e04264da888a5.png;
3927;/upload/images/3927/1adf44aaced5ee07e0f5.png;
3927;/upload/images/3927/425d6a54b2ee52596a56.png;
3926;/upload/images/3926/6e5185d01f929f1326c5.png;
3926;/upload/images/3926/0890ee50f2314a311831.png;
3925;/upload/images/3925/871c6c112a7426472e89.png;
3925;/upload/images/3925/7b5730c20e1c2ef6b44f.png;
3924;/upload/images/3924/cbfbf6f4766cfd1abbd4.png;
3924;/upload/images/3924/8fa1afc5e54b9f49029f.png;
3923;/upload/images/3923/e14c68b243eed5c5321f.png;
3923;/upload/images/3923/4aff3035122136aecb12.png;
3927;/upload/images/3927/b94cbb831cd3df5f13a4.png;
4718;/upload/images/4718/843785a18426fa8c0d9b.png;
4718;/upload/images/4718/f73dae231ac073a6de10.png;
3913;/upload/images/3913/84f531eca73a81ddebb9.png;
3922;/upload/images/3922/aa39cd561af04d7629c6.png;
3922;/upload/images/3922/56dfc44e6d9ca4e7eace.png;
3921;/upload/images/3921/eff7ec907604de527c4f.png;
3921;/upload/images/3921/3a2d485d5a3dda55f969.png;
3920;/upload/images/3920/25d6862712694cacf8a4.png;
3920;/upload/images/3920/115cf28cac5798ebc5ac.png;
3919;/upload/images/3919/f9a3c3f4337fbf5ffb90.png;
3919;/upload/images/3919/a5137031dc594bca3063.png;
3915;/upload/images/3915/c08aa5cce5d71fe05507.png;
3913;/upload/images/3913/a5108e0b305397e6f934.png;
7531;/upload/images/7531/42292f1d7111f5a71f23.png;
7531;/upload/images/7531/7a32baafd9d21771a7bc.png;
7532;/upload/images/7532/0888d70ba150d6d844b8.png;
7532;/upload/images/7532/6fc4bb5516db0e60a8d0.png;
2911;/upload/images/2911/068c21c7922a3c8a1eda.png;
2911;/upload/images/2911/6e8cedbdaf89873d2229.png;
2912;/upload/images/2912/eee3f4751f12cd4c7c5f.png;
2912;/upload/images/2912/2727987a3858b2f4c11e.png;
2913;/upload/images/2913/20e537754f4d22801cf0.png;
2913;/upload/images/2913/332da7f15675387e6993.png;
2914;/upload/images/2914/0b3d4b3ac3e457ea8062.png;
2914;/upload/images/2914/0bbd26791525b080a7b8.png;
2915;/upload/images/2915/fa965beed6239579415d.png;
2915;/upload/images/2915/a2f505cb70bf25e7e120.png;
2916;/upload/images/2916/a8e6c0bb0e79081946d9.png;
2916;/upload/images/2916/fb2bceb9c72cd5ccc876.png;
2917;/upload/images/2917/7bbe12fcb9999d708462.png;
2917;/upload/images/2917/0b7cd38c1f8043b01598.png;
2918;/upload/images/2918/e0ce61bf954786f4505e.png;
2918;/upload/images/2918/f79e9e926bcc97830083.png;
2919;/upload/images/2919/3846495e22bbefff1ace.png;
2919;/upload/images/2919/9ff2fad099a57ae14690.png;
2920;/upload/images/2920/7543ad5e4776bf342a21.png;
2920;/upload/images/2920/25e16b21074ec13274a9.png;
3741;/upload/images/3741/01882e618ed3890880b9.png;
2921;/upload/images/2921/caa2260d0fcc10e6941c.png;
2921;/upload/images/2921/78bab724cc91ceb25b89.png;
2925;/upload/images/2925/20d19db19d7a890ad7c8.png;
2925;/upload/images/2925/20d10b80bd0127a22490.png;
2926;/upload/images/2926/403d7465096110cca061.png;
2926;/upload/images/2926/d384627f541f2c6c2f3b.png;
2927;/upload/images/2927/9061a31ab56800d0ff04.png;
2927;/upload/images/2927/0bfa1a81188409a88d06.png;
1713;/upload/images/1713/fc1d86c97b78fc0058ad.png;
1713;/upload/images/1713/bd19dec36f76cc7ee2cb.jpg;
2932;/upload/images/2932/ef5d2f5e55ce874e721c.png;
2932;/upload/images/2932/ca2efc2a0baad90a773c.png;
2931;/upload/images/2931/73ecbb5bda4e8d013a1a.png;
2931;/upload/images/2931/ff979e87b27d10676b3e.png;
2728;/upload/images/2728/e9391c3d5adf5dc0f4e0.png;
2725;/upload/images/2725/c02193da306da5dbc09b.png;
